Lyzeum	1
Schmiere	1
Eintagsfliege	1
artikulieren	1
beimischen	1
Engpaß	1
Truppenteil	1
Manschette	1
ausspannen	1
Dynamik	1
Mißklang	1
Ackergerät	1
überspannen	1
Abgesang	1
Spielball	1
Festspiel	1
Gesichtsausdruck	1
Unentschlossenheit	1
Naturschönheit	1
Ohrwurm	1
Sensation	0
Einreichung	0
Rezeption	0
Seminar	0
Mulatte	0
Ausnahmegesetz	0
Tragfähigkeit	0
Armenhaus	0
abgebrüht	0
zersetzen	0
Fuß	0
vorweisen	0
Kubikmeter	0
aufrechterhalten	0
voranstellen	0
Knotenpunkt	0
verbauen	0
Frechheit	0
vergönnen	0
Tier	0
abbauen	0
abdecken	0
Titel	0
Entscheidung	0
packen	0
vorliegen	0
weitgreifend	0
Pachtzins	0
