Fuß	1
vergönnen	1
Manschette	1
Festspiel	1
Rezeption	1
Spielball	1
Ohrwurm	1
Eintagsfliege	1
Truppenteil	1
Gesichtsausdruck	1
Naturschönheit	1
artikulieren	1
Engpaß	1
Armenhaus	1
Seminar	1
vorweisen	1
beimischen	1
Sensation	1
Kubikmeter	1
Lyzeum	1
Tier	0
Dynamik	0
Mulatte	0
weitgreifend	0
Tragfähigkeit	0
Ausnahmegesetz	0
zersetzen	0
Unentschlossenheit	0
Knotenpunkt	0
Abgesang	0
vorliegen	0
Einreichung	0
Ackergerät	0
abgebrüht	0
Schmiere	0
Titel	0
aufrechterhalten	0
Mißklang	0
Frechheit	0
verbauen	0
Entscheidung	0
packen	0
abdecken	0
überspannen	0
voranstellen	0
abbauen	0
ausspannen	0
Pachtzins	0
