vorweisen	1
Eintagsfliege	1
Truppenteil	1
Lyzeum	1
beimischen	1
zersetzen	1
abgebrüht	1
artikulieren	1
Mulatte	1
Manschette	1
Knotenpunkt	1
verbauen	1
Naturschönheit	1
Festspiel	1
Rezeption	1
Engpaß	1
Fuß	1
abdecken	1
aufrechterhalten	1
Seminar	1
Spielball	0
voranstellen	0
Schmiere	0
Kubikmeter	0
Entscheidung	0
Ausnahmegesetz	0
Armenhaus	0
Dynamik	0
überspannen	0
vorliegen	0
weitgreifend	0
Mißklang	0
Einreichung	0
Ackergerät	0
packen	0
Tier	0
Abgesang	0
Gesichtsausdruck	0
Tragfähigkeit	0
abbauen	0
Titel	0
Ohrwurm	0
Frechheit	0
Sensation	0
Unentschlossenheit	0
vergönnen	0
ausspannen	0
Pachtzins	0
